,SalePrice_scaled,SalePrice
0,0.1374524,98979.47
1,0.18037975,129891.46
2,0.21379957,153957.08
3,0.22411633,161386.17
4,0.22226682,160054.34
5,0.19704375,141891.2
6,0.18552926,133599.62
7,0.1919916,138253.16
8,0.2116983,152443.94
9,0.13642919,98242.664
10,0.22496867,161999.94
11,0.08937168,64356.55
12,0.08719587,62789.75
13,0.16479254,118667.11
14,0.14216843,102375.49
15,0.42450696,305687.47
16,0.29440683,212002.36
17,0.36089188,259878.25
18,0.34746897,250212.4
19,0.68663704,494447.34
20,0.37377578,269155.94
21,0.24568793,176919.89
22,0.18022144,129777.46
23,0.18465418,132969.47
24,0.19462723,140151.06
25,0.2225785,160278.78
26,0.4386397,315864.47
27,0.29676536,213700.73
28,0.23151031,166710.58
29,0.25339678,182471.03
30,0.21524364,154996.95
31,0.08635154,62181.75
32,0.20897454,150482.58
33,0.34488684,248353.02
34,0.35690814,257009.56
35,0.27953532,201293.39
36,0.20918873,150636.81
37,0.18465215,132968.02
38,0.179441,129215.47
39,0.16085914,115834.67
40,0.20168662,145234.55
41,0.16875395,121519.73
42,0.35953313,258899.81
43,0.29034168,209075.05
44,0.25763178,185520.66
45,0.21023619,151391.08
46,0.3021323,217565.48
47,0.20944414,150820.72
48,0.17705274,127495.68
49,0.16582224,119408.59
50,0.15773109,113582.16
51,0.18840697,135671.86
52,0.1512571,108920.24
53,0.17007557,122471.42
54,0.212542,153051.5
55,0.17016321,122534.53
56,0.18226439,131248.6
57,0.14787155,106482.31
58,0.26872513,193508.97
59,0.14243746,102569.22
60,0.1463714,105402.05
61,0.1994144,143598.31
62,0.10769817,77553.45
63,0.11719468,84391.89
64,0.12963712,93351.695
65,0.11120018,80075.26
66,0.08765635,63121.34
67,0.14035317,101068.32
68,0.1611773,116063.78
69,0.20149964,145099.89
70,0.088136375,63467.004
71,0.08743358,62960.92
72,0.15579438,112187.54
73,0.11175698,80476.2
74,0.1672495,120436.37
75,0.10078284,72573.73
76,0.052394778,37729.48
77,0.19142145,137842.6
78,0.2305814,166041.67
79,0.09653786,69516.914
80,0.14755976,106257.79
81,0.13918713,100228.66
82,0.2307359,166152.92
83,0.07618916,54863.816
84,0.110419214,79512.875
85,0.13249677,95410.93
86,0.14139843,101821.016
87,0.13462937,96946.61
88,0.10544166,75928.54
89,0.14197949,102239.43
90,0.110509455,79577.86
91,0.14755893,106257.19
92,0.16731718,120485.11
93,0.09755674,70250.61
94,0.19090098,137467.8
95,0.07495177,53972.77
96,0.09150624,65893.65
97,0.06932339,49919.773
98,0.069313556,49912.69
99,0.1461511,105243.41
100,0.14832264,106807.14
101,0.13009292,93679.914
102,0.12161893,87577.79
103,0.15922031,114654.55
104,0.15317729,110302.97
105,0.27348924,196939.61
106,0.055318594,39834.92
107,0.27016467,194545.58
108,0.14174548,102070.92
109,0.14047927,101159.125
110,0.12126067,87319.81
111,0.15905932,114538.62
112,0.2680603,193030.22
113,0.1325227,95429.6
114,0.26223403,188834.73
115,0.2738956,197232.22
116,0.21742418,156567.16
117,0.14079207,101384.375
118,0.16760433,120691.88
119,0.2218594,159760.95
120,0.16704932,120292.22
121,0.12669542,91233.375
122,0.40719122,293218.4
123,0.28860718,207826.03
124,0.14975968,107841.945
125,0.0412322,29691.307
126,0.089933455,64761.082
127,0.16107461,115989.83
128,0.08543065,61518.613
129,0.13404873,96528.49
130,0.09018409,64941.566
131,0.11044365,79530.48
132,0.13558164,97632.34
133,0.15552938,111996.71
134,0.106980115,77036.38
135,0.2920639,210315.22
136,0.21466833,154582.67
137,0.240686,173318.0
138,0.205803,148198.75
139,0.20742518,149366.88
140,0.04640907,33419.17
141,0.11634174,83777.69
142,0.06371552,45881.547
143,0.36251682,261048.38
144,0.30059177,216456.14
145,0.18882057,135969.7
146,0.1851112,133298.58
147,0.24343857,175300.12
148,0.20900849,150507.02
149,0.17542481,126323.414
150,0.15297434,110156.82
151,0.19312176,139066.98
152,0.1921033,138333.6
153,0.13423222,96660.625
154,0.07874879,56707.008
155,0.052448362,37768.066
156,0.0818401,58933.055
157,0.119425595,85998.375
158,0.14725047,106035.07
159,0.16406244,118141.37
160,0.1517753,109293.4
161,0.14655307,105532.87
162,0.33920306,244260.12
163,0.25812966,185879.17
164,0.12059596,86841.16
165,0.18193364,131010.42
166,0.21912172,157789.56
167,0.34663132,249609.22
168,0.19803956,142608.3
169,0.47346026,340938.75
170,0.26450902,190472.95
171,0.2889588,208079.23
172,0.17475358,125840.055
173,0.19852322,142956.58
174,0.19483188,140298.44
175,0.16797969,120962.18
176,0.2098225,151093.19
177,0.2217372,159672.97
178,0.21084711,151831.0
179,0.30562544,220080.89
180,0.19431645,139927.28
181,0.2810688,202397.66
182,0.25881812,186374.94
183,0.2660855,191608.17
184,0.20774356,149596.14
185,0.16585425,119431.65
186,0.17067805,122905.266
187,0.13664481,98397.93
188,0.14686054,105754.28
189,0.10697657,77033.83
190,0.12992674,93560.25
191,0.076357216,54984.832
192,0.09028453,65013.89
193,0.16201788,116669.08
194,0.16060928,115654.74
195,0.1528914,110097.1
196,0.15575805,112161.375
197,0.15628499,112540.82
198,0.14247882,102599.0
199,0.1599297,115165.375
200,0.59965134,431808.94
201,0.48558852,349672.3
202,0.5206037,374886.75
203,0.5920295,426320.47
204,0.40181294,289345.5
205,0.40498,291626.1
206,0.45149165,325119.16
207,0.435463,313576.94
208,0.37052095,266812.16
209,0.4287457,308739.78
210,0.2715029,195509.25
211,0.6336247,456273.12
212,0.36271703,261192.55
213,0.3066121,220791.38
214,0.21225235,152842.92
215,0.21418083,154231.62
216,0.24433342,175944.5
217,0.6549098,471600.56
218,0.49678636,357735.88
219,0.4026422,289942.66
220,0.30010995,216109.19
221,0.36113143,260050.75
222,0.19999263,144014.69
223,0.18631023,134162.0
224,0.18208879,131122.14
225,0.17331827,124806.484
226,0.17521405,126171.64
227,0.2079604,149752.28
228,0.21960881,158140.31
229,0.21247774,153005.23
230,0.19520456,140566.8
231,0.29977235,215866.08
232,0.17628151,126940.32
233,0.20454049,147289.61
234,0.17570695,126526.58
235,0.3143846,226388.36
236,0.18451935,132872.39
237,0.4663642,335828.88
238,0.40523195,291807.53
239,0.31914732,229817.98
240,0.29859513,215018.36
241,0.29523766,212600.64
242,0.3003918,216312.14
243,0.3441738,247839.55
244,0.29416466,211827.97
245,0.31812873,229084.52
246,0.24906915,179354.7
247,0.23413107,168597.78
248,0.32308346,232652.4
249,0.28117576,202474.67
250,0.31921032,229863.36
251,0.312262,224859.88
252,0.32177,231706.6
253,0.25778866,185633.62
254,0.24039331,173107.23
255,0.20428917,147108.64
256,0.1918498,138151.05
257,0.1439066,103627.14
258,0.25170085,181249.78
259,0.29757118,214281.02
260,0.18738508,134936.0
261,0.13581824,97802.72
262,0.1606808,115706.25
263,0.23397934,168488.53
264,0.28571907,205746.31
265,0.21059272,151647.81
266,0.1627706,117211.11
267,0.21341506,153680.19
268,0.17722619,127620.58
269,0.16409966,118168.17
270,0.12886071,92792.6
271,0.13164788,94799.64
272,0.11842719,85279.42
273,0.11727616,84450.57
274,0.120290965,86621.52
275,0.12062845,86864.55
276,0.45200127,325486.12
277,0.27292854,196535.84
278,0.33602226,241969.64
279,0.2549789,183610.31
280,0.1877875,135225.78
281,0.17809805,128248.414
282,0.18960625,136535.47
283,0.3730851,268658.6
284,0.23987943,172737.19
285,0.26405492,190145.95
286,0.2544911,183259.05
287,0.26796576,192962.16
288,0.16477516,118654.6
289,0.13276157,95601.61
290,0.26574498,191362.97
291,0.111501515,80292.24
292,0.16782615,120851.61
293,0.2243478,161552.86
294,0.18193427,131010.87
295,0.14687657,105765.82
296,0.11936653,85955.836
297,0.16931435,121923.27
298,0.17307243,124629.46
299,0.17686272,127358.84
300,0.1488111,107158.875
301,0.2023736,145729.23
302,0.19414514,139803.92
303,0.11593166,83482.39
304,0.2106426,151683.75
305,0.19020107,136963.8
306,0.24784344,178472.06
307,0.15230277,109673.23
308,0.19326484,139170.02
309,0.15265092,109923.93
310,0.14240786,102547.91
311,0.15020475,108162.445
312,0.14114732,101640.19
313,0.13654837,98328.484
314,0.14387023,103600.96
315,0.12509,90077.31
316,0.111558795,80333.49
317,0.14258718,102677.03
318,0.11248723,81002.055
319,0.19721884,142017.28
320,0.1416857,102027.875
321,0.08598375,61916.902
322,0.14650112,105495.46
323,0.098170966,70692.914
324,0.14377859,103534.97
325,0.13278884,95621.24
326,0.1704813,122763.586
327,0.03385192,24376.77
328,0.083504885,60131.87
329,0.06733957,48491.227
330,0.20771965,149578.92
331,0.18160522,130773.92
332,0.13742885,98962.516
333,0.16885567,121592.97
334,0.14579523,104987.15
335,0.12857047,92583.59
336,0.13534564,97462.4
337,0.124964505,89986.945
338,0.11825141,85152.84
339,0.12153822,87519.68
340,0.13322526,95935.516
341,0.14083248,101413.48
342,0.16142172,116239.78
343,0.15573174,112142.43
344,0.14083469,101415.06
345,0.11319819,81514.016
346,0.121670544,87614.96
347,0.13090613,94265.51
348,0.117851794,84865.08
349,0.15168184,109226.09
350,0.08145127,58653.06
351,0.08748227,62995.99
352,0.1200929,86478.9
353,0.08053362,57992.266
354,0.023561448,16966.6
355,0.086226076,62091.4
356,0.1125035,81013.77
357,0.17192742,123804.94
358,0.13275605,95597.64
359,0.024953455,17968.982
360,0.114254,82274.305
361,0.15640324,112625.98
362,0.001647681,1186.4951
363,0.14339188,103256.49
364,0.13812187,99461.56
365,0.09911242,71370.86
366,0.091739655,66061.73
367,0.14859104,107000.414
368,0.1306454,94077.75
369,0.14215326,102364.57
370,0.1622603,116843.64
371,0.08678198,62491.703
372,0.12797937,92157.945
373,0.11817381,85096.96
374,0.15351382,110545.305
375,0.1303873,93891.9
376,0.09491232,68346.37
377,0.10901302,78500.28
378,0.08092898,58276.96
379,0.1614719,116275.92
380,0.16066983,115698.35
381,0.062069774,44696.445
382,0.14013785,100913.266
383,0.13329855,95988.29
384,0.1610519,115973.48
385,0.1757204,126536.26
386,0.19211322,138340.73
387,0.039707005,28593.016
388,0.124270976,89487.53
389,0.12080917,86994.69
390,0.16657203,119948.52
391,0.12752938,91833.914
392,0.13023481,93782.086
393,0.19536832,140684.73
394,0.14229238,102464.74
395,0.26458138,190525.06
396,0.16240394,116947.08
397,0.13945213,100419.484
398,0.11659786,83962.125
399,0.15568605,112109.53
400,0.11680344,84110.16
401,0.36104938,259991.67
402,0.34468073,248204.6
403,0.34468073,248204.6
404,0.445786,321010.5
405,0.42950955,309289.84
406,0.28154373,202739.64
407,0.35524374,255811.03
408,0.23390955,168438.27
409,0.2915038,209911.88
410,0.29457635,212124.44
411,0.17579448,126589.61
412,0.28080523,202207.86
413,0.16490227,118746.125
414,0.2466385,177604.39
415,0.23744556,170984.55
416,0.24440148,175993.52
417,0.22388864,161222.2
418,0.13381678,96361.47
419,0.1412614,101722.336
420,0.29041368,209126.89
421,0.2900531,208867.25
422,0.21756682,156669.88
423,0.24878818,179152.38
424,0.29654783,213544.1
425,0.33982766,244709.9
426,0.23449126,168857.16
427,0.31844193,229310.03
428,0.1765899,127162.4
429,0.13271737,95569.78
430,0.13704371,98685.18
431,0.10533315,75850.41
432,0.152643,109918.23
433,0.15463862,111355.27
434,0.16162238,116384.27
435,0.122813344,88437.89
436,0.13589433,97857.51
437,0.11302021,81385.86
438,0.15759227,113482.195
439,0.16650778,119902.26
440,0.19938582,143577.73
441,0.15820763,113925.31
442,0.29104686,209582.84
443,0.15459791,111325.95
444,0.21042874,151529.75
445,0.1899322,136770.17
446,0.22009984,158493.89
447,0.11035541,79466.93
448,0.1351991,97356.875
449,0.12751636,91824.53
450,0.22842935,164491.98
451,0.35646537,256690.72
452,0.15743819,113371.24
453,0.031649172,22790.57
454,0.43082166,310234.7
455,0.050865978,36628.59
456,0.30505502,219670.12
457,0.146599,105565.94
458,0.18242419,131363.66
459,0.17340523,124869.11
460,0.5857434,421793.84
461,0.39033225,281078.25
462,0.24467373,176189.56
463,0.24368307,175476.19
464,0.24515888,176538.92
465,0.50713676,365189.2
466,0.13829744,99587.984
467,0.16901901,121710.59
468,0.12453213,89675.59
469,0.14053702,101200.71
470,0.1516653,109214.19
471,0.14759502,106283.17
472,0.20506912,147670.28
473,0.20378694,146746.98
474,0.18809721,135448.8
475,0.2145155,154472.62
476,0.2049452,147581.05
477,0.18364185,132240.5
478,0.2839898,204501.05
479,0.21773916,156793.98
480,0.19782934,142456.9
481,0.20583484,148221.67
482,0.2477029,178370.86
483,0.4268834,307398.75
484,0.51092166,367914.7
485,0.17730317,127676.016
486,0.19350576,139343.5
487,0.18882048,135969.62
488,0.28562564,205679.03
489,0.19981971,143890.19
490,0.27256596,196274.75
491,0.2347619,169052.05
492,0.18335894,132036.78
493,0.21186808,152566.2
494,0.13541922,97515.38
495,0.39595532,285127.44
496,0.15672112,112854.875
497,0.39446932,284057.38
498,0.14879873,107149.97
499,0.12381303,89157.766
500,0.11989078,86333.35
501,0.088277996,63568.984
502,0.09716338,69967.35
503,0.100902796,72660.1
504,0.15218198,109586.25
505,0.16529953,119032.195
506,0.3518054,253335.06
507,0.5787106,416729.53
508,0.5270704,379543.4
509,0.575754,414600.47
510,0.5381087,387492.1
511,0.4792143,345082.22
512,0.3366783,242442.05
513,0.39001626,280850.72
514,0.5930174,427031.84
515,0.33930045,244330.27
516,0.4697214,338246.4
517,0.49094063,353526.34
518,0.44675243,321706.44
519,0.24132073,173775.06
520,0.44850263,322966.75
521,0.26044786,187548.52
522,0.2474505,178189.11
523,0.18822765,135542.73
524,0.25313926,182285.58
525,0.25824702,185963.69
526,0.19605336,141178.03
527,0.19704488,141892.02
528,0.2146065,154538.14
529,0.257721,185584.9
530,0.2629336,189338.5
531,0.2522091,181615.78
532,0.17594919,126701.016
533,0.28350282,204150.39
534,0.2128559,153277.55
535,0.39760676,286316.62
536,0.37851733,272570.34
537,0.43387035,312430.03
538,0.35112292,252843.62
539,0.3645578,262518.1
540,0.34953046,251696.89
541,0.28583127,205827.11
542,0.3209617,231124.53
543,0.3366649,242432.39
544,0.25691321,185003.22
545,0.26405466,190145.77
546,0.2944011,211998.25
547,0.2428137,174850.16
548,0.22157279,159554.56
549,0.21583265,155421.1
550,0.16429558,118309.25
551,0.19855139,142976.86
552,0.19933224,143539.14
553,0.21118844,152076.8
554,0.23616579,170062.98
555,0.21748537,156611.22
556,0.22280174,160439.55
557,0.12940842,93187.01
558,0.14265454,102725.54
559,0.09468278,68181.07
560,0.10604882,76365.76
561,0.20359391,146607.98
562,0.13565671,97686.41
563,0.31614143,227653.45
564,0.453461,326537.28
565,0.18853042,135760.75
566,0.15461594,111338.94
567,0.15887514,114405.99
568,0.18630046,134154.97
569,0.32300532,232596.14
570,0.31019813,223373.67
571,0.32254568,232265.16
572,0.31603467,227576.58
573,0.17789227,128100.23
574,0.25353703,182572.02
575,0.19958013,143717.66
576,0.2145276,154481.33
577,0.38184756,274968.44
578,0.26638448,191823.47
579,0.429734,309451.47
580,0.34867853,251083.42
581,0.23036918,165888.84
582,0.19245282,138585.28
583,0.16974133,122230.734
584,0.24877888,179145.67
585,0.1462962,105347.9
586,0.15917292,114620.42
587,0.14486417,104316.695
588,0.15047583,108357.65
589,0.19805413,142618.78
590,0.096648425,69596.53
591,0.14099905,101533.414
592,0.1512208,108894.1
593,0.06706455,48293.188
594,0.1717566,123681.93
595,0.14135444,101789.336
596,0.11870009,85475.94
597,0.26002425,187243.47
598,0.13867837,99862.3
599,0.1961844,141272.39
600,0.19780582,142439.97
601,0.13804743,99407.95
602,0.11379257,81942.03
603,0.15732312,113288.38
604,0.11637586,83802.26
605,0.17934683,129147.66
606,0.11525285,82993.58
607,0.14954078,107684.32
608,0.06451139,46454.652
609,0.108315945,77998.31
610,0.08939147,64370.8
611,0.14002421,100831.44
612,0.14385328,103588.75
613,0.21069089,151718.52
614,0.16050953,115582.914
615,0.11453992,82480.2
616,0.1675551,120656.43
617,0.13514566,97318.4
618,0.13505706,97254.59
619,0.11697042,84230.4
620,0.12612084,90819.62
621,0.14129922,101749.57
622,0.14839795,106861.37
623,0.107433975,77363.21
624,0.11895946,85662.7
625,0.11541599,83111.055
626,0.12157267,87544.484
627,0.07966003,57363.188
628,0.051873058,37353.79
629,0.13584012,97818.47
630,0.106565386,76737.734
631,0.11960298,86126.11
632,0.11519,82948.32
633,0.1335052,96137.09
634,0.15953225,114879.17
635,0.05695027,41009.89
636,0.078358024,56425.613
637,0.16504395,118848.15
638,0.03523749,25374.518
639,0.08317086,59891.34
640,0.11527297,83008.07
641,0.12616527,90851.62
642,0.0949935,68404.82
643,0.14390036,103622.66
644,0.1233418,88818.43
645,0.058092564,41832.457
646,0.24921489,179459.64
647,0.11402887,82112.195
648,0.11240578,80943.4
649,0.1323291,95290.195
650,0.14752406,106232.08
651,0.1390844,100154.68
652,0.10548848,75962.26
653,0.10424271,75065.18
654,0.167532,120639.8
655,0.11797589,84954.44
656,0.14084986,101425.984
657,0.11954197,86082.18
658,0.11918783,85827.16
659,0.11766702,84732.02
660,0.07179019,51696.117
661,0.110257775,79396.625
662,0.071685165,51620.49
663,0.18393028,132448.2
664,0.1219641,87826.35
665,0.15053728,108401.9
666,0.16323444,117545.125
667,0.1353907,97494.84
668,0.08755347,63047.258
669,0.14805114,106611.63
670,0.14490604,104346.84
671,0.10986203,79111.65
672,0.12602714,90752.14
673,0.12681279,91317.89
674,0.089773774,64646.098
675,0.049905837,35937.195
676,0.109354764,78746.37
677,0.13330737,95994.64
678,0.15866089,114251.71
679,0.14970419,107801.99
680,0.14209029,102319.22
681,0.14143607,101848.12
682,0.14181301,102119.555
683,0.1131722,81495.305
684,0.13845336,99700.27
685,0.16345048,117700.695
686,0.14280817,102836.164
687,0.12783346,92052.875
688,0.15312514,110265.414
689,0.25437725,183177.06
690,0.11221546,80806.35
691,0.19390094,139628.08
692,0.184125,132588.42
693,0.09157589,65943.8
694,0.14476094,104242.35
695,0.3050086,219636.69
696,0.2608956,187870.94
697,0.29105973,209592.12
698,0.23437941,168776.62
699,0.18079498,130190.47
700,0.2910312,209571.58
701,0.57764643,415963.22
702,0.47223747,340058.22
703,0.3129152,225330.25
704,0.21755618,156662.2
705,0.1605964,115645.47
706,0.2529034,182115.75
707,0.23140839,166637.19
708,0.22804949,164218.44
709,0.26681542,192133.8
710,0.15521637,111771.305
711,0.13201094,95061.08
712,0.18462011,132944.95
713,0.27887064,200814.75
714,0.36683,264154.28
715,0.39205727,282320.44
716,0.3015098,217117.22
717,0.24145317,173870.44
718,0.14811707,106659.1
719,0.2768553,199363.5
720,0.22257152,160273.75
721,0.2612017,188091.36
722,0.21895248,157667.69
723,0.13588208,97848.69
724,0.1053949,75894.87
725,0.1525012,109816.12
726,0.16173503,116465.4
727,0.15870085,114280.484
728,0.28760815,207106.62
729,0.06547478,47148.39
730,0.060367405,43470.57
731,0.07686475,55350.31
732,0.09960759,71727.42
733,0.10112068,72817.01
734,0.12134668,87381.75
735,0.09030035,65025.285
736,0.11275467,81194.64
737,0.16404516,118128.92
738,0.15972242,115016.12
739,0.14588475,105051.61
740,0.14701071,105862.414
741,0.23939252,172386.56
742,0.1630598,117419.37
743,0.22265622,160334.75
744,0.111074865,79985.016
745,0.15086159,108635.44
746,0.29121366,209702.97
747,0.30395484,218877.89
748,0.23921812,172260.97
749,0.11722806,84415.93
750,0.10706639,77098.51
751,0.10791615,77710.42
752,0.10475296,75432.61
753,0.13166854,94814.516
754,0.09231916,66479.03
755,0.154547,111289.305
756,0.05860272,42199.82
757,0.060563475,43611.758
758,0.049060494,35328.46
759,0.063987195,46077.18
760,0.43055105,310039.8
761,0.33068696,238127.69
762,0.38178456,274923.06
763,0.26469624,190607.77
764,0.11411172,82171.85
765,0.22485262,161916.38
766,0.20611024,148419.98
767,0.32218343,232004.3
768,0.29808956,214654.3
769,0.1617307,116462.28
770,0.23810917,171462.42
771,0.20689088,148982.12
772,0.19014484,136923.3
773,0.28652453,206326.33
774,0.25034145,180270.88
775,0.33473796,241044.81
776,0.41404468,298153.6
777,0.24049327,173179.2
778,0.13058242,94032.41
779,0.17262617,124308.11
780,0.18288758,131697.36
781,0.12261024,88291.64
782,0.11914277,85794.71
783,0.0988532,71184.195
784,0.08699992,62648.645
785,0.15976807,115048.99
786,0.101456165,73058.586
787,0.12174642,87669.6
788,0.12227866,88052.87
789,0.13756102,99057.695
790,0.14587149,105042.06
791,0.18981543,136686.1
792,0.1551868,111750.016
793,0.19279623,138832.56
794,0.21680546,156121.61
795,0.20654756,148734.9
796,0.23988298,172739.73
797,0.18384337,132385.62
798,0.20129791,144954.62
799,0.16818264,121108.32
800,0.20353693,146566.95
801,0.2721733,195991.98
802,0.4216974,303664.3
803,0.58567226,421742.6
804,0.18247128,131397.56
805,0.3766887,271253.53
806,0.4754442,342367.38
807,0.5383666,387677.8
808,0.14874914,107114.26
809,0.20503321,147644.42
810,0.24556527,176831.55
811,0.22261986,160308.56
812,0.17864701,128643.72
813,0.1919339,138211.61
814,0.17247063,124196.1
815,0.21723193,156428.72
816,0.1982409,142753.28
817,0.14706981,105904.98
818,0.14272544,102776.59
819,0.13568318,97705.46
820,0.1723634,124118.89
821,0.20103303,144763.89
822,0.08793944,63325.19
823,0.10786471,77673.375
824,0.16317174,117499.97
825,0.12461081,89732.25
826,0.46091893,331907.72
827,0.315538,227218.9
828,0.47071457,338961.56
829,0.58832175,423650.5
830,0.430672,310126.9
831,0.55603456,400400.5
832,0.62761796,451947.7
833,0.5127528,369233.28
834,0.54052424,389231.53
835,0.32973462,237441.9
836,0.4209714,303141.5
837,0.4257823,306605.84
838,0.49263474,354746.28
839,0.42114756,303268.38
840,0.35092473,252700.9
841,0.2836008,204220.95
842,0.28595614,205917.03
843,0.30300164,218191.48
844,0.20583272,148220.14
845,0.2065936,148768.06
846,0.22089443,159066.08
847,0.25601625,184357.31
848,0.34644327,249473.8
849,0.23507425,169276.97
850,0.22619104,162880.17
851,0.20610756,148418.06
852,0.19183984,138143.88
853,0.2024222,145764.23
854,0.18588811,133858.03
855,0.20853016,150162.58
856,0.21006855,151270.38
857,0.20653838,148728.3
858,0.20204434,145492.12
859,0.20256421,145866.48
860,0.2901701,208951.5
861,0.18498999,133211.3
862,0.21156451,152347.61
863,0.18960413,136533.94
864,0.23901704,172116.17
865,0.1824986,131417.25
866,0.24308327,175044.27
867,0.27367276,197071.77
868,0.20956454,150907.42
869,0.19145823,137869.08
870,0.45880982,330388.97
871,0.47490802,341981.28
872,0.4105675,295649.66
873,0.31203073,224693.34
874,0.31203344,224695.3
875,0.4223612,304142.3
876,0.2550305,183647.48
877,0.33231208,239297.94
878,0.25027448,180222.66
879,0.51157296,368383.7
880,0.25564232,184088.05
881,0.27169958,195650.88
882,0.26408538,190167.89
883,0.2688648,193609.56
884,0.30133188,216989.1
885,0.26338094,189660.62
886,0.2479206,178527.62
887,0.29229015,210478.14
888,0.22150627,159506.67
889,0.37113625,267255.22
890,0.3200782,230488.31
891,0.30417058,219033.23
892,0.2899836,208817.2
893,0.15156409,109141.305
894,0.18291134,131714.45
895,0.15541378,111913.46
896,0.21567205,155305.44
897,0.22873646,164713.12
898,0.12976035,93440.44
899,0.114551455,82488.51
900,0.14418069,103824.516
901,0.2969031,213799.94
902,0.13230306,95271.44
903,0.169896,122342.12
904,0.25619823,184488.34
905,0.22274241,160396.81
906,0.25080997,180608.27
907,0.26673526,192076.06
908,0.24488467,176341.45
909,0.18855754,135780.28
910,0.18650776,134304.25
911,0.2223078,160083.86
912,0.31643778,227866.86
913,0.34248176,246621.12
914,0.28005853,201670.16
915,0.32462165,233760.05
916,0.40761825,293525.9
917,0.15360811,110613.2
918,0.24088803,173463.47
919,0.15136388,108997.13
920,0.16622886,119701.41
921,0.2169213,156205.03
922,0.2386353,171841.28
923,0.29565525,212901.34
924,0.1669164,120196.5
925,0.13594213,97891.93
926,0.13370907,96283.91
927,0.092732996,66777.03
928,0.123220325,88730.96
929,0.16140574,116228.28
930,0.14245257,102580.09
931,0.11595923,83502.24
932,0.1935606,139382.98
933,0.15910405,114570.83
934,0.21812686,157073.16
935,0.15336218,110436.11
936,0.24365026,175452.56
937,0.14246964,102592.39
938,0.023877501,17194.19
939,0.025548965,18397.81
940,0.10830459,77990.14
941,0.14488137,104329.08
942,0.15249157,109809.18
943,0.15249616,109812.484
944,0.177975,128159.8
945,0.16787288,120885.26
946,0.1293678,93157.76
947,0.14922157,107454.45
948,0.13551891,97587.17
949,0.16695851,120226.83
950,0.11943087,86002.17
951,0.1662825,119740.03
952,0.1389462,100055.164
953,0.14905769,107336.445
954,0.13412273,96581.78
955,0.12874311,92707.914
956,0.13561094,97653.44
957,0.1399957,100810.9
958,0.12902746,92912.67
959,0.12756976,91862.99
960,0.15582061,112206.42
961,0.1214571,87461.26
962,0.13319138,95911.11
963,0.17838082,128452.03
964,0.25401008,182912.67
965,0.12902719,92912.48
966,0.14414984,103802.305
967,0.19816747,142700.4
968,0.11046606,79546.62
969,0.1427331,102782.11
970,0.10872936,78296.016
971,0.14798918,106567.016
972,0.16513732,118915.39
973,0.13470438,97000.625
974,0.1603854,115493.53
975,0.099481374,71636.54
976,0.114390194,82372.38
977,0.13087264,94241.39
978,0.09647569,69472.15
979,0.11937162,85959.51
980,0.07975945,57434.78
981,0.09016737,64929.527
982,0.112537146,81038.0
983,0.132,95053.2
984,0.06463128,46540.99
985,0.13482523,97087.65
986,0.22495493,161990.05
987,0.13578254,97777.01
988,0.10171056,73241.77
989,0.15634704,112585.5
990,0.12435785,89550.086
991,0.2193183,157931.11
992,0.083559334,60171.08
993,0.11690277,84181.69
994,0.114673376,82576.3
995,0.1308493,94224.586
996,0.13538757,97492.59
997,0.1239509,89257.05
998,0.11414966,82199.17
999,0.13953784,100481.2
1000,0.11469123,82589.16
1001,0.15049526,108371.64
1002,0.11372882,81896.125
1003,0.18769833,135161.58
1004,0.13941276,100391.13
1005,0.103049606,74206.02
1006,0.13924316,100269.0
1007,0.061673343,44410.977
1008,0.07316378,52685.24
1009,0.17806163,128222.19
1010,0.26195025,188630.39
1011,0.17822778,128341.83
1012,0.11500335,82813.914
1013,0.08045542,57935.953
1014,0.2560976,184415.89
1015,0.099965274,71984.99
1016,0.13156319,94738.66
1017,0.16069746,115718.24
1018,0.11380118,81948.234
1019,0.17278016,124418.99
1020,0.12671086,91244.49
1021,0.13018572,93746.74
1022,0.115727216,83335.17
1023,0.1266819,91223.63
1024,0.13170296,94839.305
1025,0.1816881,130833.6
1026,0.20587912,148253.56
1027,0.16963097,122151.266
1028,0.154661,111371.39
1029,0.17005587,122457.234
1030,0.095056206,68449.98
1031,0.20627046,148535.36
1032,0.16190514,116587.89
1033,0.17732868,127694.38
1034,0.064545274,46479.055
1035,0.26116878,188067.64
1036,0.16649303,119891.63
1037,0.113002,81372.74
1038,0.08114424,58431.973
1039,0.12912467,92982.68
1040,0.14391708,103634.695
1041,0.15469685,111397.2
1042,0.07954952,57283.613
1043,0.18233171,131297.06
1044,0.28033733,201870.92
1045,0.30301833,218203.5
1046,0.41882157,301593.44
1047,0.2958709,213056.64
1048,0.24289447,174908.31
1049,0.2553741,183894.89
1050,0.18809399,135446.48
1051,0.25016946,180147.03
1052,0.23972085,172622.98
1053,0.29620427,213296.7
1054,0.16359127,117802.07
1055,0.18029803,129832.62
1056,0.1509436,108694.49
1057,0.16958454,122117.836
1058,0.27474517,197844.0
1059,0.23098442,166331.89
1060,0.21142945,152250.34
1061,0.2693653,193969.97
1062,0.11184168,80537.195
1063,0.13837925,99646.9
1064,0.15903547,114521.445
1065,0.14003381,100838.35
1066,0.11161575,80374.5
1067,0.13051209,93981.76
1068,0.14088836,101453.71
1069,0.12324059,88745.555
1070,0.29609647,213219.08
1071,0.27145612,195475.56
1072,0.21631107,155765.61
1073,0.2609918,187940.2
1074,0.36464238,262579.0
1075,0.29033306,209068.84
1076,0.29336518,211252.27
1077,0.20075679,144564.97
1078,0.21195093,152625.88
1079,0.18067664,130105.25
1080,0.20206553,145507.39
1081,0.189154,136209.8
1082,0.12708277,91512.305
1083,0.13214049,95154.37
1084,0.1492025,107440.72
1085,0.13060617,94049.51
1086,0.14263374,102710.555
1087,0.16066167,115692.47
1088,0.16546738,119153.06
1089,0.65152264,469161.47
1090,0.15120003,108879.14
1091,0.13117176,94456.79
1092,0.056016356,40337.38
1093,0.10039723,72296.05
1094,0.112502694,81013.195
1095,0.100005746,72014.14
1096,0.09856707,70978.15
1097,0.16974264,122231.68
1098,0.13842756,99681.69
1099,0.14253396,102638.7
1100,0.13872483,99895.76
1101,0.14715257,105964.57
1102,0.15538046,111889.47
1103,0.22435969,161561.42
1104,0.1520581,109497.04
1105,0.19157305,137951.77
1106,0.12660527,91168.46
1107,0.21524677,154999.2
1108,0.22861761,164627.55
1109,0.11038104,79485.39
1110,0.21806765,157030.52
1111,0.19838294,142855.56
1112,0.25857073,186196.78
1113,0.36146194,260288.75
1114,0.13622144,98093.06
1115,0.12961504,93335.79
1116,0.14675352,105677.21
1117,0.07843417,56480.445
1118,0.049420983,35588.05
1119,0.116354525,83786.9
1120,0.11533967,83056.09
1121,0.10510352,75685.05
1122,0.32477957,233873.78
1123,0.17499524,126014.08
1124,0.21153909,152329.3
1125,0.24415228,175814.06
1126,0.22884426,164790.75
1127,0.16215006,116764.26
1128,0.16731313,120482.19
1129,0.22944343,165222.22
1130,0.27181152,195731.48
1131,0.25081342,180610.75
1132,0.29928917,215518.14
1133,0.20402113,146915.61
1134,0.24445191,176029.83
1135,0.38360462,276233.7
1136,0.20410809,146978.23
1137,0.3275544,235871.94
1138,0.44009176,316910.1
1139,0.17345881,124907.695
1140,0.15094382,108694.65
1141,0.061104506,44001.355
1142,0.07938865,57167.766
1143,0.071415335,51426.184
1144,0.05831039,41989.312
1145,0.16593337,119488.625
1146,0.21365833,153855.38
1147,0.223972,161282.23
1148,0.18234581,131307.22
1149,0.10184282,73337.016
1150,0.14040294,101104.164
1151,0.16827276,121173.22
1152,0.12913677,92991.39
1153,0.13347918,96118.36
1154,0.15755516,113455.48
1155,0.16396233,118069.28
1156,0.20275214,146001.83
1157,0.21664292,156004.56
1158,0.21011245,151301.98
1159,0.20966747,150981.55
1160,0.19682467,141733.45
1161,0.20612493,148430.56
1162,0.27644676,199069.31
1163,0.35997084,259215.0
1164,0.38090056,274286.5
1165,0.19614899,141246.89
1166,0.18352762,132158.23
1167,0.6064394,436697.03
1168,0.5942613,427927.56
1169,0.4699739,338428.22
1170,0.6129349,441374.44
1171,0.57055056,410853.47
1172,0.4178275,300877.6
1173,0.5424786,390638.88
1174,0.16752371,120633.83
1175,0.20715538,149172.6
1176,0.21925616,157886.36
1177,0.32276547,232423.42
1178,0.21407634,154156.38
1179,0.16222647,116819.28
1180,0.09668183,69620.59
1181,0.21648946,155894.06
1182,0.085522294,61584.605
1183,0.1241318,89387.31
1184,0.101703554,73236.734
1185,0.07893646,56842.145
1186,0.09013155,64903.73
1187,0.15729362,113267.14
1188,0.15584117,112221.234
1189,0.17007706,122472.49
1190,0.15308958,110239.81
1191,0.5543125,399160.47
1192,0.30682647,220945.75
1193,0.29856217,214994.62
1194,0.50348717,362561.12
1195,0.41590062,299490.03
1196,0.41138586,296238.97
1197,0.33979052,244683.16
1198,0.3832206,275957.16
1199,0.39515096,284548.22
1200,0.47818795,344343.16
1201,0.4403332,317083.94
1202,0.33946013,244445.25
1203,0.3470362,249900.78
1204,0.43114096,310464.62
1205,0.36129737,260170.25
1206,0.18353325,132162.3
1207,0.19978407,143864.52
1208,0.18665653,134411.38
1209,0.33691686,242613.84
1210,0.20838061,150054.88
1211,0.21132642,152176.16
1212,0.25098616,180735.14
1213,0.2517668,181297.28
1214,0.19300365,138981.94
1215,0.20767671,149548.0
1216,0.22338435,160859.08
1217,0.30627728,220550.27
1218,0.3423091,246496.78
1219,0.34247288,246614.73
1220,0.53522205,385413.4
1221,0.40116724,288880.53
1222,0.661837,476588.8
1223,0.38486955,277144.56
1224,0.42241442,304180.62
1225,0.30410874,218988.7
1226,0.37524724,270215.53
1227,0.26039833,187512.84
1228,0.25479466,183477.64
1229,0.5902441,425034.8
1230,0.22020909,158572.58
1231,0.14427158,103889.97
1232,0.21177235,152497.28
1233,0.15140903,109029.65
1234,0.20871279,150294.08
1235,0.2036663,146660.11
1236,0.22781774,164051.56
1237,0.2322309,167229.48
1238,0.19876832,143133.06
1239,0.15804082,113805.195
1240,0.15066975,108497.29
1241,0.09799507,70566.25
1242,0.11911565,85775.18
1243,0.14029256,101024.67
1244,0.11543599,83125.45
1245,0.10761449,77493.195
1246,0.12161088,87572.0
1247,0.13535708,97470.64
1248,0.09822592,70732.484
1249,0.13690695,98586.695
1250,0.32077062,230986.94
1251,0.5175851,372713.03
1252,0.19472691,140222.86
1253,0.15885726,114393.11
1254,0.18077448,130175.7
1255,0.15615705,112448.695
1256,0.22076258,158971.14
1257,0.24256009,174667.53
1258,0.16027713,115415.56
1259,0.18853503,135764.08
1260,0.14516461,104533.04
1261,0.18948033,136444.8
1262,0.15407383,110948.57
1263,0.12629992,90948.57
1264,0.13946328,100427.51
1265,0.16034237,115462.54
1266,0.21934497,157950.31
1267,0.18405053,132534.8
1268,0.16417095,118219.51
1269,0.15674505,112872.11
1270,0.1289053,92824.7
1271,0.13994399,100773.664
1272,0.17646098,127069.555
1273,0.15006968,108065.18
1274,0.13927892,100294.75
1275,0.1532237,110336.38
1276,0.12579638,90585.98
1277,0.13805595,99414.09
1278,0.17570004,126521.6
1279,0.13928834,100301.53
1280,0.16327891,117577.14
1281,0.16937846,121969.43
1282,0.15895742,114465.24
1283,0.17131066,123360.81
1284,0.1424413,102571.984
1285,0.14070973,101325.08
1286,0.16563508,119273.82
1287,0.11870411,85478.836
1288,0.13663033,98387.5
1289,0.14739689,106140.51
1290,0.14306912,103024.08
1291,0.27380365,197166.02
1292,0.185217,133374.77
1293,0.254449,183228.73
1294,0.13906178,100138.39
1295,0.09896505,71264.734
1296,0.06858501,49388.066
1297,0.0704079,50700.727
1298,0.15863767,114234.99
1299,0.114852965,82705.625
1300,0.16254056,117045.45
1301,0.15559962,112047.29
1302,0.2106305,151675.03
1303,0.17641449,127036.08
1304,0.33521563,241388.78
1305,0.1539616,110867.75
1306,0.07292718,52514.863
1307,0.13704044,98682.82
1308,0.13338694,96051.94
1309,0.16941935,121998.875
1310,0.108938694,78446.76
1311,0.108496875,78128.6
1312,0.17367458,125063.07
1313,0.1461254,105224.91
1314,0.11931661,85919.89
1315,0.13694876,98616.805
1316,0.14386359,103596.17
1317,0.11890632,85624.445
1318,0.12686598,91356.195
1319,0.10038909,72290.19
1320,0.09824517,70746.35
1321,0.08631176,62153.098
1322,0.11067334,79695.875
1323,0.121477485,87475.94
1324,0.13851133,99742.01
1325,0.050567687,36413.793
1326,0.12718427,91585.4
1327,0.06300792,45372.004
1328,0.21835715,157238.98
1329,0.086530775,62310.812
1330,0.11487526,82721.67
1331,0.036634564,26380.55
1332,0.17264268,124319.99
1333,0.10536873,75876.02
1334,0.10563639,76068.766
1335,0.114177525,82219.234
1336,0.19466051,140175.05
1337,0.13425034,96673.67
1338,0.11622614,83694.445
1339,0.032193482,23182.527
1340,0.10576764,76163.28
1341,0.13030884,93835.4
1342,0.14965492,107766.516
1343,0.1416542,102005.19
1344,0.08840597,63661.137
1345,0.06843051,49276.812
1346,0.18302852,131798.84
1347,0.15754944,113451.35
1348,0.14057064,101224.92
1349,0.13790095,99302.48
1350,0.17245743,124186.59
1351,0.15690655,112988.41
1352,0.15530008,111831.59
1353,0.15417477,111021.26
1354,0.0977824,70413.11
1355,0.26821053,193138.4
1356,0.15764612,113520.98
1357,0.13799104,99367.35
1358,0.17319137,124715.11
1359,0.15555108,112012.336
1360,0.097669125,70331.54
1361,0.2223292,160099.27
1362,0.33030838,237855.06
1363,0.22906992,164953.25
1364,0.1724174,124157.77
1365,0.14075503,101357.695
1366,0.14831108,106798.81
1367,0.2585777,186201.81
1368,0.21801335,156991.42
1369,0.27087525,195057.27
1370,0.19515437,140530.67
1371,0.26328474,189591.34
1372,0.3510574,252796.45
1373,0.2590348,186530.97
1374,0.25564608,184090.75
1375,0.21658209,155960.77
1376,0.18384144,132384.22
1377,0.16308218,117435.484
1378,0.19605961,141182.53
1379,0.22588977,162663.23
1380,0.23069263,166121.77
1381,0.26807728,193042.45
1382,0.15837249,114044.03
1383,0.17995253,129583.82
1384,0.11959958,86123.664
1385,0.24964747,179771.14
1386,0.23235297,167317.38
1387,0.23996362,172797.81
1388,0.23856342,171789.52
1389,0.32673097,235278.97
1390,0.26907548,193761.27
1391,0.2751385,198127.23
1392,0.29798776,214580.98
1393,0.14585888,105032.984
1394,0.23709771,170734.06
1395,0.22809273,164249.58
1396,0.21858194,157400.86
1397,0.23515949,169338.34
1398,0.13232496,95287.21
1399,0.13384765,96383.695
1400,0.14638042,105408.55
1401,0.20660132,148773.61
1402,0.13504457,97245.6
1403,0.30030695,216251.03
1404,0.14457417,104107.86
1405,0.14066526,101293.055
1406,0.085754514,61751.83
1407,0.10175857,73276.35
1408,0.118022054,84987.69
1409,0.13698718,98644.47
1410,0.06616351,47644.344
1411,0.022744536,16378.341
1412,0.08957791,64505.06
1413,0.14300212,102975.83
1414,0.120596886,86841.82
1415,0.17501923,126031.35
1416,0.12900278,92894.91
1417,0.1970354,141885.2
1418,0.14513189,104509.48
1419,0.08529967,61424.293
1420,0.15396139,110867.6
1421,0.19926494,143490.69
1422,0.21037805,151493.23
1423,0.21616068,155657.31
1424,0.21596915,155519.39
1425,0.24553451,176809.4
1426,0.089092314,64155.38
1427,0.13067809,94101.3
1428,0.017638773,12701.681
1429,0.064267844,46279.277
1430,0.13782078,99244.75
1431,0.014585316,10502.887
1432,0.06549814,47165.215
1433,0.022896439,16487.727
1434,0.37542632,270344.5
1435,0.35042608,252341.83
1436,0.22474653,161839.98
1437,0.15042737,108322.75
1438,0.23129815,166557.8
1439,0.17390496,125228.96
1440,0.22441801,161603.42
1441,0.20353752,146567.38
1442,0.41657382,299974.8
1443,0.46999663,338444.6
1444,0.08723536,62818.184
1445,0.25123835,180916.73
1446,0.106948584,77013.68
1447,0.13932624,100328.83
1448,0.15334496,110423.71
1449,0.058214873,41920.53
1450,0.06916493,49805.668
1451,0.16664729,120002.71
1452,0.07556787,54416.426
1453,0.0576244,41495.332
1454,0.06898829,49678.473
1455,0.0739972,53285.387
1456,0.18975374,136641.67
1457,0.13349512,96129.84
1458,0.27297807,196571.52
